jadwalmatkul;Informasi mengenai Jadwal Mata Kuliah dan Ruang Kelas dapat kamu akses pada link berikut: <a target='_blank' href='https://igracias.telkomuniversity.ac.id'>Klik tautan ini</a> <ol> <li>Login menggunakan akun SSO</li> <li>Registrasi</li> <li>Jadwal</li> <li>Jadwal Mahasiswa</li> </ol>;Jadwal mata kuliah?;Informasi mata kuliah;Info matkul;Akses info matkul;Jadwal matkul;Jadwal matakuliah;Info matakuliah;Informasi matakuliah;Akses Info Mata Kuliah;
jadwalujian;Informasi mengenai Jadwal Ujian Semester dapat kamu akses pada link berikut: <a target='_blank' href='https://igracias.telkomuniversity.ac.id'>Klik tautan ini</a> <ol> <li>Login menggunakan akun SSO</li> <li>Registrasi</li> <li>Jadwal</li> <li>Jadwal Ujian Mahasiswa</li> </ol>;Jadwal ujian kapan?;Kapan jadwal ujian semester;Ujian kapan ya?;Informasi Jadwal Ujian Semester;Informasi Jadwal Ujian;Info Jadwal Ujian;Info Jadwal Ujian Semester;Cek jadwal ujian semster;Cek jadwal ujian;
ruangujian;Informasi mengenai Ruangan Ujian dapat kamu akses pada link berikut: <a target='_blank' href='https://igracias.telkomuniversity.ac.id'>Klik tautan ini</a> <ol> <li>Login menggunakan akun SSO</li> <li>Registrasi</li> <li>Jadwal</li> <li>Jadwal Ujian Mahasiswa</li> </ol>;Ruangan ujian dimana?;Info ruang ujian;informasi ruang ujian;informasi ruangan ujian;info ruangan ujian;dimana ruangan ujian?;dimana ruangan ujian nya?;Cek ruangan ujian;Cek ruang ujian;
cetakartu;Informasi mengenai Cetak Kartu Ujian dapat kamu akses pada link berikut: <a target='_blank' href='https://igracias.telkomuniversity.ac.id'>Klik tautan ini</a> <ol> <li>Login menggunakan akun SSO</li> <li>Registrasi</li> <li>Jadwal</li> <li>Jadwal Ujian Mahasiswa</li> <li>Cetak Kartu Ujian</li> </ol>;Bagaimana cara mencetak kartu ujian?;dimana tempat mencetak kartu ujian?;info cetak kartu ujian;informasi cetak kartu ujian;Print Kartu Ujian;Cetak Kartu Ujian;;;;
kuliahhybrid;Informasi mengenai Kuliah Hybrid dapat kamu akses pada link berikut: <a target='_blank' href='https://baa.telkomuniversity.ac.id/pelaksanaan-perkuliahan-hybrid-semester-genap-ta-2021-2022/'>Klik tautan ini</a>;Informasi Kuliah Hybrid;info kuliah hybrid;informasi kuliah online;info kuliah online;informasi kuliah offline;info kuliah offline;Mau tau info kuliah hybrid;informasi kuliah hybrid ada dimana?;bagaimana saya dapat menemukan informasi kuliah hybrid?;
nilaiakademik;Informasi mengenai Nilai Akademik dapat kamu akses pada link berikut: <a target='_blank' href='https://igracias.telkomuniversity.ac.id'>Klik tautan ini</a> <ol> <li>Login menggunakan akun SSO</li> <li>Nilai</li> <li>KHS</li> <li>Lihat Nilai atau Lihat Nilai Semester</li> </ol>;Informasi Nilai Akademik;Info nilai akademik;Informasi nilai;info nilai;Cara mengetahui nilai;Bagaimana saya dapat mengetahui nilai semester ini ?;Nilai semester ini ada dimana ya?;Lihat dimana ya nilai semester ?;Akses nilai akademik;Cara akses nilai semester
masaregis;Informasi mengenai Masa Registrasi dapat kamu akses pada link berikut: <a target='_blank' href='https://igracias.telkomuniversity.ac.id'>Klik tautan ini</a> <ol> <li>Login menggunakan akun SSO</li> <li>Registrasi</li> <li>Jadwal</li> <li>Kalender Akademik</li> </ol>;Jadwal Masa Registrasi;Jadwal Masa Regist;jdwl masa regist;masa regist;Masa Registrasi;Kapan masa registrasi semester ini?;Kapan masa regist;Bagaimana cara mengetahui masa registrasi ?;;
cutiakademik;Informasi mengenai Pengajuan Citi Akademik dapat kamu akses pada link berikut: <a target='_blank' href='https://baa.telkomuniversity.ac.id/pengajuan-cuti-akademik/'>Klik tautan ini</a>;Informasi Pengajuan Cuti Akademik;Informasi Pengajuan Cuti Kuliah;info cuti kuliah;daftar cuti kuliah;Informasi Cuti Kuliah;Bagaimana cara mengajukan Cuti Akademik ?;Bagaimana cara mengajukan Cuti Kuliah ?;Cara mengajukan Cuti Perkuliahan;;
sksmatkul;Informasi mengenai SKS Mata Kuliah dapat kamu akses pada link berikut: <a target='_blank' href='https://igracias.telkomuniversity.ac.id'>Klik tautan ini</a> <ol> <li>Login menggunakan akun SSO</li> <li>Nilai</li> <li>KHS</li> <li>Lihat Ekivalensi</li> </ol>;Bagaimana cara melihat SKS Mata kuliah ?;Bagaimana cara mengetahui jumlah SKS Mata Kuliah ?;Informasi SKS Mata Kuliah;Informasi Total SKS sampai lulus;Informasi Jumlah Mata Kuliah;Info SKS Mata Kuliah;Infor Total SKS sampai lulus;Info Jumlah Mata Kuliah;;
beasiswa;Informasi mengenai Beasiswa dapat kamu akses pada link berikut: <a target='_blank' href='https://smb.telkomuniversity.ac.id/beasiswa/'>Klik tautan ini</a>;Informasi Beasiswa;Info Beasiswa;Informasi kuliah gratis;Bagaimana saya dapat menemukan informasi mengenai Beasiswa ?;Dimana saya dapat menemukan informasi mengenai Beasiswa ?;Info Beasiswa ada dimana ya?;Informasi Beasiswa ada dimana ya?;Informasi mengenai Beasiswa ada dimana ya?;Info mengenai Beasiswa ada dimana ?;
kalenderakademik;Informasi mengenai Kalender Akademik dapat kamu akses pada link berikut: <a target='_blank' href='https://igracias.telkomuniversity.ac.id'>Klik tautan ini</a> <ol> <li>Login menggunakan akun SSO</li> <li>Registrasi</li> <li>Jadwal</li> <li>Kalender Akademik</li> </ol>;Informasi Kalender Akademik;Info Kalender Akademik;Informasi Kalender Perkuliahan;Info Kalender Perkuliahan;Bagaimana saya dapat menemukan Kalender Akademik ?;Dimana saya dapat menemukan Kalender Akademik ?;Dimana kalender akademik ?;Kalender Akademik;Kalender Perkuliahan;
infotak;Informasi mengenai TAK dapat kamu akses pada link berikut: <a target='_blank' href='https://igracias.telkomuniversity.ac.id'>Klik tautan ini</a> <ol> <li>Login menggunakan akun SSO</li> <li>TAK</li> <li>Beranda</li> </ol>;Informasi TAK;Info TAK;Mau lihat info TAK;Dimana informasi TAK;TAK ada dimana;TAK;;;;
pengajuantak;Informasi mengenai Pengajuan TAK dapat kamu akses pada link berikut: <a target='_blank' href='https://igracias.telkomuniversity.ac.id'>Klik tautan ini</a> <ol> <li>Login menggunakan akun SSO</li> <li>TAK</li> <li>Input TAK</li> </ol>;Pengajuan TAK;Input TAK;Informasi Pengajuan TAK;Info Pengajuan TAK;Informasi Input TAK;Info Input TAK;Bagaimana cara pengajuan TAK ?;Bagaimana cara menginput TAK ?;Input TAK dimana ?;Dimana tempat Input TAK ?
verifikasitak;Informasi mengenai Verifikasi TAK dapat kamu akses pada link berikut: <a target='_blank' href='https://igracias.telkomuniversity.ac.id'>Klik tautan ini</a> <ol> <li>Login menggunakan akun SSO</li> <li>TAK</li> <li>Verifikasi TAK</li> </ol>;Verifikasi TAK;Informasi TAK yang telah di input;Info TAK yang telah di input;Informasi TAK yang telah di ajukan;Info TAK yang telah di ajukan;Bagaimana cara melihat TAK yang sudah di ajukan ?;Data TAK yang telat di ajukan ;;;
infotesbahasa;Informasi mengenai Informasi Tes Bahasa dapat kamu akses pada link berikut: <a target='_blank' href='https://igracias.telkomuniversity.ac.id'>Klik tautan ini</a> <ol> <li>Login menggunakan akun SSO</li> <li>Pusat Bahasa</li> <li>Beranda</li> </ol>;Informasi Tes Bahasa;Info Tes Bahasa;Tes Bahasa;Pusat Bahasa;;;;;;
daftartesbahasa;Informasi mengenai Daftar Tes Bahasa dapat kamu akses pada link berikut: <a target='_blank' href='https://igracias.telkomuniversity.ac.id'>Klik tautan ini</a> <ol> <li>Login menggunakan akun SSO</li> <li>Pusat Bahasa</li> <li>Registrasi Layanan</li> <li>Pendaftaran</li> </ol>;Informasi Pendaftaran Tes Bahasa;Informasi Pendaftaran EPrT;Informasi Pendaftaran ECCT;Informasi Pendaftaran TUVEE;Bagaimana cara mendaftar EPrT ?;Bagaimana cara mendaftar ECCT ?;Bagaimana cara mendaftar TUVEE ?;Daftar EPrT dimana ?;Daftar ECCT dimana ?;Daftar TUVEE dimana ?
datatesbahasa;Informasi mengenai Data Pendaftaran Tes Bahasa dapat kamu akses pada link berikut: <a target='_blank' href='https://igracias.telkomuniversity.ac.id'>Klik tautan ini</a> <ol> <li>Login menggunakan akun SSO</li> <li>Pusat Bahasa</li> <li>Registrasi Layanan</li> <li>Data Pendaftaran</li> </ol>;Cek Data Pendaftaran Tes Bahasa;Cek daftar tes bahasa;Cek data Tes Bahasa;Cek pendaftaran EPrT;Cek pendaftaran EPrT;Informasi data pendaftaran tes bahasa;info data pendaftaran tes bahasa;;;
skortesbahasa;Informasi mengenai Skor Tes Bahasa dapat kamu akses pada link berikut: <a target='_blank' href='https://igracias.telkomuniversity.ac.id'>Klik tautan ini</a> <ol> <li>Login menggunakan akun SSO</li> <li>Pusat Bahasa</li> <li>Skor Tes Bahasa</li> <li>Nilai Tes Bahasa</li> </ol>;Skor Tes Bahasa;Cek Skor Tes bahasa;Cek score tes bahasa;Cek nilai EPrT;Cek nilai ECCT;Cek nilai TUVEE;Cara melihat score tes bahasa;Cara melihat hasil tes bahasa;Hasil tes bahasa;
inputnilaitesbahasa;Informasi mengenai Input Nilai Tes Bahasa dari Instansi Luar dapat kamu akses pada link berikut: <a target='_blank' href='https://igracias.telkomuniversity.ac.id'>Klik tautan ini</a> <ol> <li>Login menggunakan akun SSO</li> <li>Pusat Bahasa</li> <li>Skor Tes Bahasa</li> <li>Input Nilai dari Instansi Luar</li> </ol>;Input Nilai Tes Bahasa dari Luar Instansi;Input nilai bahasa dari luar telkom;Input Nilai Tes Bahasa dari Luar Instansi;Menambahkan nilai tes bahasa ;;;;;;
jurusan;Informasi mengenai Program Studi dapat kamu akses pada link berikut: <a target='_blank' href='https://smb.telkomuniversity.ac.id/program-studi/'>Klik tautan ini</a>;Informasi Program Studi;Info Program Studi;Informasi Jurusan;Info Jurusan;dimana informasi jurusan ?;Akses informasi Program studi;Akses info Program Studi;Lihat informasi Program Studi;Lihat info program studi;
biayapendidikan;Informasi mengenai Biaya Pendidikan dapat kamu akses pada link berikut: <a target='_blank' href='https://smb.telkomuniversity.ac.id/biaya-pendidikan/'>Klik tautan ini</a>;Informasi Biaya Pendidikan;Info Biaya Pendidikan;Informasi Biaya Kuliah;Info Biaya Kuliah;Akses informasi biaya kuliah;Akses informasi biaya pendidikan;Lihat biaya pendidikan;Lihat biaya kuliah;Dimana informasi biaya kuliah ?;Dimana informasi biaya pendidikan ?
kelasinter;Informasi mengenai Kelas Internasional dapat kamu akses pada link berikut: <a target='_blank' href='https://smb.telkomuniversity.ac.id/kelas-internasional/'>Klik tautan ini</a>;Informasi Kelas Internasional;Info Kelas Internasional;Kelas Internasional;Akses Informasi Kelas Internasional;Akses Info Kelas Internasional;Cara mendapatkan informasi kelas internasional;Kelas Inter;Info Kelas Inter;Informasi Kelas Inter;Akses Informasi Kelas Inter
daftarmahasiswa;Informasi mengenai Pendaftaran Mahasiswa dapat kamu akses pada link berikut: <a target='_blank' href='https://smb.telkomuniversity.ac.id/petunjuk-pendaftaran/'>Klik tautan ini</a>;Informasi Pendaftaran Mahasiswa;Info Pendaftaran Mahasiswa;Infomasi Daftar Kuliah;Info Daftar Kuliah;Cara mendaftar kuliah;Daftar Kuliah;Pendaftaran Mahasiswa;Daftar masuk kampus;Pendaftaran masuk kampus;
seleksimahasiswa;Informasi mengenai Seleksi Mahasiswa dapat kamu akses pada link berikut: <a target='_blank' href='https://smb.telkomuniversity.ac.id/jalur-seleksi/'>Klik tautan ini</a>;Informasi Seleksi Mahasiswa;Info Seleksi Mahasiswa;Seleksi Mahasiswa;Jalur Seleksi Mahasiswa;Jalur Seleksi Kampus;Info Jalur Seleksi Kampus;Akses informasi jalur seleksi;;;
asramatelkom;Informasi mengenai Asrama Telkom dapat kamu akses pada link berikut: <a target='_blank' href='https://dormitory.telkomuniversity.ac.id/'>Klik tautan ini</a>;Informasi Asrama Telkom;Info Asrama Telkom;Info Asrama;Asrama Telkom;Info Dorm;Dorm;Dormitory Telkom;Cek informasi asrama telkom;tentang asrama telkom;
virtualtour;Informasi mengenai Virtual Tour Telkom University dapat kamu akses pada link berikut: <a target='_blank' href='https://tour.telkomuniversity.ac.id/;Virtual Tour Telkom University;Informasi Virtual tour;Info Virtual Tour;Virtualtour;Cek Virtual Tour Telkom;;;;;
kodedosen;Informasi mengenai Kode Dosen dapat kamu akses pada link berikut: <a target='_blank' href='https://see.telkomuniversity.ac.id/sk-pengajaran/#1634805123522-14d0d2ab-ef0b'>Klik tautan ini</a> Kemudian pilih SK Pengajaran sesuai tahun dan jurusan yang diinginkan;Info kode dosen;informasi kode dosen;kode dosen;;;;;;;
namadosen;Informasi mengenai Nama Dosen dapat kamu akses pada link berikut: <a target='_blank' href='https://see.telkomuniversity.ac.id/sk-pengajaran/#1634805123522-14d0d2ab-ef0b'>Klik tautan ini</a> Kemudian pilih SK Pengajaran sesuai tahun dan jurusan yang diinginkan;Informasi Nama dosen;info nama dosen;siapa nama dosen;Nama Dosen;;;;;;
dosenwali;Informasi mengenai Dosen Wali dapat kamu akses pada link berikut: <a target='_blank' href='https://see.telkomuniversity.ac.id/sk-dosen-wali/ '>Klik tautan ini</a>;Dosen wali ;informasi dosen wali;info dosen wali;info doswal;informasi doswal;doswal;;;;
nipdosen;Informasi mengenai NIP Dosen dapat kamu akses pada link berikut: <a target='_blank' href='https://see.telkomuniversity.ac.id/sk-pengajaran/#1634805123522-14d0d2ab-ef0b'>Klik tautan ini</a> Kemudian pilih SK Pengajaran sesuai tahun dan jurusan yang diinginkan;NIP Dosen;Informasi NIP Dosen ;info NIP dosen;berapa nip dosen;;;;;;
jadwalsusulan;Informasi mengenai Jadwal Ujian Susulan dapat kamu akses pada link berikut: <a target='_blank' href='https://see.telkomuniversity.ac.id/pengumuman-2020/#1589609773094-f5306717-037d'>Klik tautan ini</a> ;Jadwal Ujian susulan;Jadwal UTS Susulan;informasi jadwal ujian susulan;info jadwal ujian susulan;info jadwal UTS Susulan;Informasi Jadwal UTS Susulan;Informasi Jadwal UAS Susulan;Jadwal UAS Susulan;Info Jadwal UAS Susulan;
daftarsusulan;Informasi mengenai Alur Pengajuan Ujian Susulan dapat kamu akses pada link berikut: <a target='_blank' href='https://see.telkomuniversity.ac.id/pengumuman-2020/#1589609773094-f5306717-037d'>Klik tautan ini</a> ;Pengajuan Ujian susulan;alur pengajuan ujian susulan;daftar ujian susulan;pendaftaran ujian susulan;Pengajuan UAS Susulan;Pengajuan UTS Susulan;Info Pengajuan UAS Susulan;Info Pengajuan UTS Susulan;Informasi Pengajuan Ujian Susulan;Permohonan Ujian Susulan
kerjapraktek;Informasi mengenai Kerja Praktek dapat kamu akses pada link berikut: <a target='_blank' href='https://see.telkomuniversity.ac.id/kerja-praktek/'>Klik tautan ini</a> ;Informasi Kerja Praktek;info jadwal kerja praktek;informasi kp;info kp;info kerja praktek;informasi jadwal kerja praktek;Informasi Magang;Magang;Info Magang;
suratpenjajakan;Informasi mengenai Surat Penjajakan dapat kamu akses pada link berikut: <a target='_blank' href='https://kepokape.id'>Klik tautan ini</a> <ol> <li>Login menggunakan akun Kepo Kape</li> <li>Kerja Praktek</li> <li>Surat Penjajakan</li> </ol>;Link surat penjajakan;informasi surat penjajakan;info surat penjajakan;informasi surat penjajakan kerja praktek;info surat penjajakan kerja praktek;informasi surat penjajakan magang;info surat penjajakan magang;informasi surat penjajakan kp;info surat penjajakan kp;
suratizinkp;Informasi mengenai Surat Izin Kerja Praktek dapat kamu akses pada link berikut: <a target='_blank' href='https://kepokape.id'>Klik tautan ini</a> <ol> <li>Login menggunakan akun Kepo Kape</li> <li>Kerja Praktek</li> <li>Form Proposal</li> </ol> ;Link surat izin kerja praktek;informasi surat izin kerja praktek;info surat izin kerja praktek;cetak surat izin kerja praktek;cetak surat izin kp;informasi surat izin kp;info surat izin kp;informasi surat izin magang;info surat izin magang;
bukupanduanta;Informasi mengenai Buku Panduan Pelaksanaan Tugas Akhir dapat kamu akses pada link berikut: <a target='_blank' href='https://see.telkomuniversity.ac.id/kelengkapan-ta/'>Klik tautan ini</a> ;Buku panduan pelaksanaan Tugas Akhir;panduan pelaksanaan Tugas Akhir;Tata cara pelaksanaan Tugas Akhir;Informasi Pelaksanaan Tugas Akhir;Info Pelaksanaan Tugas Akhir;Informasi Panduan pelaksanaan tugas akhir;Buku Panduan Pelaksanaan TA;Buku Panduan Skripsi;Informasi Skripsi;Dokumen Panduan Skripsi
proposalta;Informasi mengenai Format Proposal Tugas Akhir dapat kamu akses pada link berikut: <a target='_blank' href='https://see.telkomuniversity.ac.id/kelengkapan-ta/'>Klik tautan ini</a>;Format proposal Tugas Akhir;Proposal Tugas Akhir;Template Proposal Tugas Akhir;Template Penulisan Tugas Akhir;Format Penulisan Proposal Tugas Akhir;Template Proposal TA;Format Proposal TA;Format Penulisan Proposal TA;Template Penulisan TA;Proposal TA
jurnalta;Informasi mengenai Format Jurnal Tugas Akhir dapat kamu akses pada link berikut: <a target='_blank' href='https://see.telkomuniversity.ac.id/kelengkapan-ta/'>Klik tautan ini</a> ;Format Jurnal Tugas Akhir;Format Penulisan Jurnal Tugas Akhir;Jurnal Tugas Akhir;Template Penulisan Jurnal Tugas Akhir;Template Jurnal Tugas Akhir;Format Penulisan Tugas Akhir;Template Penulisan TA;;;
bukuta;Informasi mengenai Format Buku Tugas Akhir dapat kamu akses pada link berikut: <a target='_blank' href='https://see.telkomuniversity.ac.id/kelengkapan-ta/'>Klik tautan ini</a> ;Format Buku Tugas Akhir;Format Penulisan Buku Tugas Akhir;Buku Tugas Akhir;Buku TA;Template Penulisan Buku Tugas Akhir;Template Buku Tugas Akhir;Format Buku TA;Template Buku TA;Format Penulisan Buku TA;Template Penulisan Buku TA
jadwalsidang;Informasi mengenai Jadwal Sidang dapat kamu akses pada link berikut: <a target='_blank' href='https://see.telkomuniversity.ac.id/pengumuman-2020/'>Klik tautan ini</a> ;Informasi Jadwal Sidang;Info Jadwal Sidang;Jadwal Sidang;Cek Jadwal Sidang;Cek Informasi Jadwal Sidang;Cek Info Jadwal Sidang;Timeline Sidang;Informasi Timeline Sidang;Info Timeline Sidang;
skta;Informasi mengenai SK TA dapat kamu akses pada link berikut: <a target='_blank' href='https://igracias.telkomuniversity.ac.id'>Klik tautan ini</a> <ol> <li>Login menggunakan akun SSO</li> <li> TA/PA </li> <li>Daftar TA/PA</li> <li>Status TA/PA Mahasiswa</li> <li>Lihat SK</li> </ol>;Informasi SK TA;Info SK TA;Tentang SK TA;SK TA;Informasi SK TA/PA;Info SK TA/PA;Tentang SK TA/PA;SK TA/PA;;
statusskta;Informasi mengenai Status SK TA dapat kamu akses pada link berikut: <a target='_blank' href='https://igracias.telkomuniversity.ac.id'>Klik tautan ini</a> <ol> <li>Login menggunakan akun SSO</li> <li> TA/PA </li> <li>Daftar TA/PA</li> <li>Status TA/PA Mahasiswa</li> <li>Lihat SK</li> </ol>;Status  SK TA/PA;Informasi Status SK TA/PA;Info Status SK TA/PA;Cek Status SK TA/PA;Cek Status SK TA;Informasi Status SK TA;Status SK TA;Info Status SK TA;;
daftarskta;Informasi mengenai Daftar SK TA dapat kamu akses pada link berikut: <a target='_blank' href='https://igracias.telkomuniversity.ac.id'>Klik tautan ini</a> <ol> <li>Login menggunakan akun SSO</li> <li> TA/PA </li> <li>Daftar TA/PA</li> <li>Status TA/PA Mahasiswa</li> <li>Pengajuan Proposal</li> </ol>;Daftar SK TA/PA;Daftar SK TA;Input SK TA;Input SK TA/PA;Informasi Daftar SK TA/PA;Info Daftar SK TA/PA;Cara Daftar SK TA/PA;Cara Daftar SK TA;Bagaimana Daftar SK TA/PA;Bagaimana Daftar SK TA
syaratsidang;Informasi mengenai Syarat Sidang dapat kamu akses pada link berikut: <a target='_blank' href='https://igracias.telkomuniversity.ac.id'>Klik tautan ini</a> <ol> <li>Login menggunakan akun SSO</li> <li> TA/PA </li> <li>Daftar TA/PA</li> <li>Status TA/PA Mahasiswa</li> <li>Kelengkapan Sidang</li> </ol>;Informasi Syarat Sidang;Info Syarat Sidang;Syarat Sidang;Persyaratan Sidang;Apa saja persyaratan sidang;Apa saja Syarat Sidang ;Cek Syarat Sidang ;Cek Persyaratan Sidang;;
